,Version,Date_of_report,Date_of_statistics,IC_admission_notification,IC_admission,Admission_Increase
0,1,2022-05-13 00:30:00,2020-02-27,0,0,
1,1,2022-05-13 00:30:00,2020-02-28,0,0,False
2,1,2022-05-13 00:30:00,2020-02-29,0,1,True
3,1,2022-05-13 00:30:00,2020-03-01,0,1,False
4,1,2022-05-13 00:30:00,2020-03-02,0,0,False
5,1,2022-05-13 00:30:00,2020-03-03,0,2,True
6,1,2022-05-13 00:30:00,2020-03-04,0,3,True
7,1,2022-05-13 00:30:00,2020-03-05,0,1,False
8,1,2022-05-13 00:30:00,2020-03-06,0,4,True
9,1,2022-05-13 00:30:00,2020-03-07,0,3,False
10,1,2022-05-13 00:30:00,2020-03-08,0,5,True
11,1,2022-05-13 00:30:00,2020-03-09,0,7,True
12,1,2022-05-13 00:30:00,2020-03-10,0,10,True
13,1,2022-05-13 00:30:00,2020-03-11,0,9,False
14,1,2022-05-13 00:30:00,2020-03-12,0,23,True
15,1,2022-05-13 00:30:00,2020-03-13,0,13,False
16,1,2022-05-13 00:30:00,2020-03-14,0,21,True
17,1,2022-05-13 00:30:00,2020-03-15,0,28,True
18,1,2022-05-13 00:30:00,2020-03-16,0,33,True
19,1,2022-05-13 00:30:00,2020-03-17,0,35,True
20,1,2022-05-13 00:30:00,2020-03-18,0,56,True
21,1,2022-05-13 00:30:00,2020-03-19,0,66,True
22,1,2022-05-13 00:30:00,2020-03-20,0,83,True
23,1,2022-05-13 00:30:00,2020-03-21,0,80,False
24,1,2022-05-13 00:30:00,2020-03-22,0,73,False
25,1,2022-05-13 00:30:00,2020-03-23,0,98,True
26,1,2022-05-13 00:30:00,2020-03-24,613,111,True
27,1,2022-05-13 00:30:00,2020-03-25,132,120,True
28,1,2022-05-13 00:30:00,2020-03-26,115,110,False
29,1,2022-05-13 00:30:00,2020-03-27,110,115,True
30,1,2022-05-13 00:30:00,2020-03-28,115,103,False
31,1,2022-05-13 00:30:00,2020-03-29,87,92,False
32,1,2022-05-13 00:30:00,2020-03-30,122,127,True
33,1,2022-05-13 00:30:00,2020-03-31,109,113,False
34,1,2022-05-13 00:30:00,2020-04-01,77,76,False
35,1,2022-05-13 00:30:00,2020-04-02,86,96,True
36,1,2022-05-13 00:30:00,2020-04-03,98,77,False
37,1,2022-05-13 00:30:00,2020-04-04,59,64,False
38,1,2022-05-13 00:30:00,2020-04-05,72,75,True
39,1,2022-05-13 00:30:00,2020-04-06,55,61,False
40,1,2022-05-13 00:30:00,2020-04-07,73,60,False
41,1,2022-05-13 00:30:00,2020-04-08,60,59,False
42,1,2022-05-13 00:30:00,2020-04-09,88,52,False
43,1,2022-05-13 00:30:00,2020-04-10,56,50,False
44,1,2022-05-13 00:30:00,2020-04-11,23,28,False
45,1,2022-05-13 00:30:00,2020-04-12,35,33,True
46,1,2022-05-13 00:30:00,2020-04-13,37,45,True
47,1,2022-05-13 00:30:00,2020-04-14,44,36,False
48,1,2022-05-13 00:30:00,2020-04-15,45,24,False
49,1,2022-05-13 00:30:00,2020-04-16,34,30,True
50,1,2022-05-13 00:30:00,2020-04-17,25,26,False
51,1,2022-05-13 00:30:00,2020-04-18,18,19,False
52,1,2022-05-13 00:30:00,2020-04-19,20,20,True
53,1,2022-05-13 00:30:00,2020-04-20,24,26,True
54,1,2022-05-13 00:30:00,2020-04-21,35,23,False
55,1,2022-05-13 00:30:00,2020-04-22,16,15,False
56,1,2022-05-13 00:30:00,2020-04-23,17,17,True
57,1,2022-05-13 00:30:00,2020-04-24,14,17,False
58,1,2022-05-13 00:30:00,2020-04-25,10,14,False
59,1,2022-05-13 00:30:00,2020-04-26,12,13,False
60,1,2022-05-13 00:30:00,2020-04-27,12,14,True
61,1,2022-05-13 00:30:00,2020-04-28,20,14,False
62,1,2022-05-13 00:30:00,2020-04-29,16,12,False
63,1,2022-05-13 00:30:00,2020-04-30,11,17,True
64,1,2022-05-13 00:30:00,2020-05-01,11,9,False
65,1,2022-05-13 00:30:00,2020-05-02,6,9,False
66,1,2022-05-13 00:30:00,2020-05-03,7,11,True
67,1,2022-05-13 00:30:00,2020-05-04,16,11,False
68,1,2022-05-13 00:30:00,2020-05-05,7,3,False
69,1,2022-05-13 00:30:00,2020-05-06,7,7,True
70,1,2022-05-13 00:30:00,2020-05-07,8,9,True
71,1,2022-05-13 00:30:00,2020-05-08,5,7,False
72,1,2022-05-13 00:30:00,2020-05-09,5,5,False
73,1,2022-05-13 00:30:00,2020-05-10,2,4,False
74,1,2022-05-13 00:30:00,2020-05-11,10,7,True
75,1,2022-05-13 00:30:00,2020-05-12,5,2,False
76,1,2022-05-13 00:30:00,2020-05-13,5,3,True
77,1,2022-05-13 00:30:00,2020-05-14,4,8,True
78,1,2022-05-13 00:30:00,2020-05-15,3,3,False
79,1,2022-05-13 00:30:00,2020-05-16,4,7,True
80,1,2022-05-13 00:30:00,2020-05-17,6,4,False
81,1,2022-05-13 00:30:00,2020-05-18,2,4,False
82,1,2022-05-13 00:30:00,2020-05-19,12,1,False
83,1,2022-05-13 00:30:00,2020-05-20,3,2,True
84,1,2022-05-13 00:30:00,2020-05-21,1,2,False
85,1,2022-05-13 00:30:00,2020-05-22,3,4,True
86,1,2022-05-13 00:30:00,2020-05-23,5,4,False
87,1,2022-05-13 00:30:00,2020-05-24,3,7,True
88,1,2022-05-13 00:30:00,2020-05-25,6,1,False
89,1,2022-05-13 00:30:00,2020-05-26,2,4,True
90,1,2022-05-13 00:30:00,2020-05-27,7,3,False
91,1,2022-05-13 00:30:00,2020-05-28,1,1,False
92,1,2022-05-13 00:30:00,2020-05-29,4,1,False
93,1,2022-05-13 00:30:00,2020-05-30,0,3,True
94,1,2022-05-13 00:30:00,2020-05-31,1,3,False
95,1,2022-05-13 00:30:00,2020-06-01,4,5,True
96,1,2022-05-13 00:30:00,2020-06-02,4,1,False
97,1,2022-05-13 00:30:00,2020-06-03,1,5,True
98,1,2022-05-13 00:30:00,2020-06-04,1,5,False
99,1,2022-05-13 00:30:00,2020-06-05,9,3,False
100,1,2022-05-13 00:30:00,2020-06-06,0,2,False
101,1,2022-05-13 00:30:00,2020-06-07,2,3,True
102,1,2022-05-13 00:30:00,2020-06-08,2,0,False
103,1,2022-05-13 00:30:00,2020-06-09,5,2,True
104,1,2022-05-13 00:30:00,2020-06-10,2,2,False
105,1,2022-05-13 00:30:00,2020-06-11,1,1,False
106,1,2022-05-13 00:30:00,2020-06-12,4,3,True
107,1,2022-05-13 00:30:00,2020-06-13,1,2,False
108,1,2022-05-13 00:30:00,2020-06-14,0,0,False
109,1,2022-05-13 00:30:00,2020-06-15,2,1,True
110,1,2022-05-13 00:30:00,2020-06-16,0,2,True
111,1,2022-05-13 00:30:00,2020-06-17,2,0,False
112,1,2022-05-13 00:30:00,2020-06-18,0,1,True
113,1,2022-05-13 00:30:00,2020-06-19,0,0,False
114,1,2022-05-13 00:30:00,2020-06-20,2,2,True
115,1,2022-05-13 00:30:00,2020-06-21,1,0,False
116,1,2022-05-13 00:30:00,2020-06-22,2,3,True
117,1,2022-05-13 00:30:00,2020-06-23,0,1,False
118,1,2022-05-13 00:30:00,2020-06-24,2,1,False
119,1,2022-05-13 00:30:00,2020-06-25,0,0,False
120,1,2022-05-13 00:30:00,2020-06-26,2,0,False
121,1,2022-05-13 00:30:00,2020-06-27,0,0,False
122,1,2022-05-13 00:30:00,2020-06-28,0,0,False
123,1,2022-05-13 00:30:00,2020-06-29,1,0,False
124,1,2022-05-13 00:30:00,2020-06-30,0,2,True
125,1,2022-05-13 00:30:00,2020-07-01,1,0,False
126,1,2022-05-13 00:30:00,2020-07-02,0,2,True
127,1,2022-05-13 00:30:00,2020-07-03,3,0,False
128,1,2022-05-13 00:30:00,2020-07-04,0,1,True
129,1,2022-05-13 00:30:00,2020-07-05,0,0,False
130,1,2022-05-13 00:30:00,2020-07-06,1,0,False
131,1,2022-05-13 00:30:00,2020-07-07,1,1,True
132,1,2022-05-13 00:30:00,2020-07-08,0,2,True
133,1,2022-05-13 00:30:00,2020-07-09,2,1,False
134,1,2022-05-13 00:30:00,2020-07-10,0,1,False
135,1,2022-05-13 00:30:00,2020-07-11,0,0,False
136,1,2022-05-13 00:30:00,2020-07-12,0,1,True
137,1,2022-05-13 00:30:00,2020-07-13,1,0,False
138,1,2022-05-13 00:30:00,2020-07-14,12,0,False
139,1,2022-05-13 00:30:00,2020-07-15,1,1,True
140,1,2022-05-13 00:30:00,2020-07-16,0,1,False
141,1,2022-05-13 00:30:00,2020-07-17,0,0,False
142,1,2022-05-13 00:30:00,2020-07-18,0,0,False
143,1,2022-05-13 00:30:00,2020-07-19,0,1,True
144,1,2022-05-13 00:30:00,2020-07-20,2,0,False
145,1,2022-05-13 00:30:00,2020-07-21,1,2,True
146,1,2022-05-13 00:30:00,2020-07-22,2,1,False
147,1,2022-05-13 00:30:00,2020-07-23,1,1,False
148,1,2022-05-13 00:30:00,2020-07-24,0,1,False
149,1,2022-05-13 00:30:00,2020-07-25,1,1,False
150,1,2022-05-13 00:30:00,2020-07-26,0,3,True
151,1,2022-05-13 00:30:00,2020-07-27,7,3,False
152,1,2022-05-13 00:30:00,2020-07-28,0,0,False
153,1,2022-05-13 00:30:00,2020-07-29,0,0,False
154,1,2022-05-13 00:30:00,2020-07-30,2,3,True
155,1,2022-05-13 00:30:00,2020-07-31,2,4,True
156,1,2022-05-13 00:30:00,2020-08-01,2,2,False
157,1,2022-05-13 00:30:00,2020-08-02,0,2,False
158,1,2022-05-13 00:30:00,2020-08-03,5,3,True
159,1,2022-05-13 00:30:00,2020-08-04,6,3,False
160,1,2022-05-13 00:30:00,2020-08-05,2,2,False
161,1,2022-05-13 00:30:00,2020-08-06,3,3,True
162,1,2022-05-13 00:30:00,2020-08-07,1,1,False
163,1,2022-05-13 00:30:00,2020-08-08,1,1,False
164,1,2022-05-13 00:30:00,2020-08-09,3,5,True
165,1,2022-05-13 00:30:00,2020-08-10,3,4,False
166,1,2022-05-13 00:30:00,2020-08-11,4,3,False
167,1,2022-05-13 00:30:00,2020-08-12,3,4,True
168,1,2022-05-13 00:30:00,2020-08-13,6,4,False
169,1,2022-05-13 00:30:00,2020-08-14,4,6,True
170,1,2022-05-13 00:30:00,2020-08-15,2,1,False
171,1,2022-05-13 00:30:00,2020-08-16,0,4,True
172,1,2022-05-13 00:30:00,2020-08-17,9,7,True
173,1,2022-05-13 00:30:00,2020-08-18,7,2,False
174,1,2022-05-13 00:30:00,2020-08-19,1,3,True
175,1,2022-05-13 00:30:00,2020-08-20,2,6,True
176,1,2022-05-13 00:30:00,2020-08-21,12,5,False
177,1,2022-05-13 00:30:00,2020-08-22,1,0,False
178,1,2022-05-13 00:30:00,2020-08-23,1,5,True
179,1,2022-05-13 00:30:00,2020-08-24,5,2,False
180,1,2022-05-13 00:30:00,2020-08-25,3,3,True
181,1,2022-05-13 00:30:00,2020-08-26,1,0,False
182,1,2022-05-13 00:30:00,2020-08-27,2,2,True
183,1,2022-05-13 00:30:00,2020-08-28,2,2,False
184,1,2022-05-13 00:30:00,2020-08-29,0,3,True
185,1,2022-05-13 00:30:00,2020-08-30,1,3,False
186,1,2022-05-13 00:30:00,2020-08-31,5,1,False
187,1,2022-05-13 00:30:00,2020-09-01,1,2,True
188,1,2022-05-13 00:30:00,2020-09-02,3,2,False
189,1,2022-05-13 00:30:00,2020-09-03,3,3,True
190,1,2022-05-13 00:30:00,2020-09-04,3,4,True
191,1,2022-05-13 00:30:00,2020-09-05,0,1,False
192,1,2022-05-13 00:30:00,2020-09-06,2,4,True
193,1,2022-05-13 00:30:00,2020-09-07,6,3,False
194,1,2022-05-13 00:30:00,2020-09-08,1,3,False
195,1,2022-05-13 00:30:00,2020-09-09,3,4,True
196,1,2022-05-13 00:30:00,2020-09-10,4,5,True
197,1,2022-05-13 00:30:00,2020-09-11,6,6,True
198,1,2022-05-13 00:30:00,2020-09-12,2,6,False
199,1,2022-05-13 00:30:00,2020-09-13,0,4,False
200,1,2022-05-13 00:30:00,2020-09-14,8,10,True
201,1,2022-05-13 00:30:00,2020-09-15,11,4,False
202,1,2022-05-13 00:30:00,2020-09-16,6,1,False
203,1,2022-05-13 00:30:00,2020-09-17,6,4,True
204,1,2022-05-13 00:30:00,2020-09-18,8,7,True
205,1,2022-05-13 00:30:00,2020-09-19,2,14,True
206,1,2022-05-13 00:30:00,2020-09-20,9,13,False
207,1,2022-05-13 00:30:00,2020-09-21,20,13,False
208,1,2022-05-13 00:30:00,2020-09-22,13,10,False
209,1,2022-05-13 00:30:00,2020-09-23,31,13,True
210,1,2022-05-13 00:30:00,2020-09-24,10,11,False
211,1,2022-05-13 00:30:00,2020-09-25,15,18,True
212,1,2022-05-13 00:30:00,2020-09-26,12,13,False
213,1,2022-05-13 00:30:00,2020-09-27,7,17,True
214,1,2022-05-13 00:30:00,2020-09-28,29,15,False
215,1,2022-05-13 00:30:00,2020-09-29,19,22,True
216,1,2022-05-13 00:30:00,2020-09-30,15,15,False
217,1,2022-05-13 00:30:00,2020-10-01,17,13,False
218,1,2022-05-13 00:30:00,2020-10-02,14,14,True
219,1,2022-05-13 00:30:00,2020-10-03,9,19,True
220,1,2022-05-13 00:30:00,2020-10-04,18,22,True
221,1,2022-05-13 00:30:00,2020-10-05,40,28,True
222,1,2022-05-13 00:30:00,2020-10-06,24,34,True
223,1,2022-05-13 00:30:00,2020-10-07,36,29,False
224,1,2022-05-13 00:30:00,2020-10-08,25,22,False
225,1,2022-05-13 00:30:00,2020-10-09,27,28,True
226,1,2022-05-13 00:30:00,2020-10-10,17,27,False
227,1,2022-05-13 00:30:00,2020-10-11,22,19,False
228,1,2022-05-13 00:30:00,2020-10-12,39,41,True
229,1,2022-05-13 00:30:00,2020-10-13,34,36,False
230,1,2022-05-13 00:30:00,2020-10-14,37,35,False
231,1,2022-05-13 00:30:00,2020-10-15,38,37,True
232,1,2022-05-13 00:30:00,2020-10-16,46,55,True
233,1,2022-05-13 00:30:00,2020-10-17,37,30,False
234,1,2022-05-13 00:30:00,2020-10-18,30,41,True
235,1,2022-05-13 00:30:00,2020-10-19,51,58,True
236,1,2022-05-13 00:30:00,2020-10-20,59,49,False
237,1,2022-05-13 00:30:00,2020-10-21,42,49,False
238,1,2022-05-13 00:30:00,2020-10-22,56,43,False
239,1,2022-05-13 00:30:00,2020-10-23,50,54,True
240,1,2022-05-13 00:30:00,2020-10-24,21,38,False
241,1,2022-05-13 00:30:00,2020-10-25,41,48,True
242,1,2022-05-13 00:30:00,2020-10-26,70,59,True
243,1,2022-05-13 00:30:00,2020-10-27,51,50,False
244,1,2022-05-13 00:30:00,2020-10-28,53,51,True
245,1,2022-05-13 00:30:00,2020-10-29,55,46,False
246,1,2022-05-13 00:30:00,2020-10-30,38,42,False
247,1,2022-05-13 00:30:00,2020-10-31,41,48,True
248,1,2022-05-13 00:30:00,2020-11-01,51,43,False
249,1,2022-05-13 00:30:00,2020-11-02,49,60,True
250,1,2022-05-13 00:30:00,2020-11-03,48,31,False
251,1,2022-05-13 00:30:00,2020-11-04,40,40,True
252,1,2022-05-13 00:30:00,2020-11-05,36,36,False
253,1,2022-05-13 00:30:00,2020-11-06,36,35,False
254,1,2022-05-13 00:30:00,2020-11-07,34,39,True
255,1,2022-05-13 00:30:00,2020-11-08,41,44,True
256,1,2022-05-13 00:30:00,2020-11-09,51,41,False
257,1,2022-05-13 00:30:00,2020-11-10,31,37,False
258,1,2022-05-13 00:30:00,2020-11-11,44,36,False
259,1,2022-05-13 00:30:00,2020-11-12,35,41,True
260,1,2022-05-13 00:30:00,2020-11-13,41,31,False
261,1,2022-05-13 00:30:00,2020-11-14,24,22,False
262,1,2022-05-13 00:30:00,2020-11-15,23,34,True
263,1,2022-05-13 00:30:00,2020-11-16,39,36,True
264,1,2022-05-13 00:30:00,2020-11-17,33,30,False
265,1,2022-05-13 00:30:00,2020-11-18,29,31,True
266,1,2022-05-13 00:30:00,2020-11-19,40,39,True
267,1,2022-05-13 00:30:00,2020-11-20,27,28,False
268,1,2022-05-13 00:30:00,2020-11-21,26,20,False
269,1,2022-05-13 00:30:00,2020-11-22,23,25,True
270,1,2022-05-13 00:30:00,2020-11-23,26,26,True
271,1,2022-05-13 00:30:00,2020-11-24,25,34,True
272,1,2022-05-13 00:30:00,2020-11-25,43,41,True
273,1,2022-05-13 00:30:00,2020-11-26,36,30,False
274,1,2022-05-13 00:30:00,2020-11-27,18,17,False
275,1,2022-05-13 00:30:00,2020-11-28,21,21,True
276,1,2022-05-13 00:30:00,2020-11-29,14,18,False
277,1,2022-05-13 00:30:00,2020-11-30,29,24,True
278,1,2022-05-13 00:30:00,2020-12-01,29,30,True
279,1,2022-05-13 00:30:00,2020-12-02,27,30,False
280,1,2022-05-13 00:30:00,2020-12-03,27,30,False
281,1,2022-05-13 00:30:00,2020-12-04,29,33,True
282,1,2022-05-13 00:30:00,2020-12-05,19,25,False
283,1,2022-05-13 00:30:00,2020-12-06,29,28,True
284,1,2022-05-13 00:30:00,2020-12-07,26,21,False
285,1,2022-05-13 00:30:00,2020-12-08,36,40,True
286,1,2022-05-13 00:30:00,2020-12-09,27,32,False
287,1,2022-05-13 00:30:00,2020-12-10,37,33,True
288,1,2022-05-13 00:30:00,2020-12-11,38,36,True
289,1,2022-05-13 00:30:00,2020-12-12,29,22,False
290,1,2022-05-13 00:30:00,2020-12-13,22,42,True
291,1,2022-05-13 00:30:00,2020-12-14,43,24,False
292,1,2022-05-13 00:30:00,2020-12-15,38,45,True
293,1,2022-05-13 00:30:00,2020-12-16,41,36,False
294,1,2022-05-13 00:30:00,2020-12-17,38,48,True
295,1,2022-05-13 00:30:00,2020-12-18,46,38,False
296,1,2022-05-13 00:30:00,2020-12-19,28,43,True
297,1,2022-05-13 00:30:00,2020-12-20,44,54,True
298,1,2022-05-13 00:30:00,2020-12-21,62,32,False
299,1,2022-05-13 00:30:00,2020-12-22,35,43,True
300,1,2022-05-13 00:30:00,2020-12-23,43,48,True
301,1,2022-05-13 00:30:00,2020-12-24,48,49,True
302,1,2022-05-13 00:30:00,2020-12-25,33,35,False
303,1,2022-05-13 00:30:00,2020-12-26,44,42,True
304,1,2022-05-13 00:30:00,2020-12-27,47,44,True
305,1,2022-05-13 00:30:00,2020-12-28,64,68,True
306,1,2022-05-13 00:30:00,2020-12-29,59,61,False
307,1,2022-05-13 00:30:00,2020-12-30,49,44,False
308,1,2022-05-13 00:30:00,2020-12-31,47,39,False
309,1,2022-05-13 00:30:00,2021-01-01,36,40,True
310,1,2022-05-13 00:30:00,2021-01-02,41,40,False
311,1,2022-05-13 00:30:00,2021-01-03,42,45,True
312,1,2022-05-13 00:30:00,2021-01-04,66,58,True
313,1,2022-05-13 00:30:00,2021-01-05,47,54,False
314,1,2022-05-13 00:30:00,2021-01-06,46,46,False
315,1,2022-05-13 00:30:00,2021-01-07,37,37,False
316,1,2022-05-13 00:30:00,2021-01-08,42,45,True
317,1,2022-05-13 00:30:00,2021-01-09,35,31,False
318,1,2022-05-13 00:30:00,2021-01-10,31,31,False
319,1,2022-05-13 00:30:00,2021-01-11,35,39,True
320,1,2022-05-13 00:30:00,2021-01-12,48,45,True
321,1,2022-05-13 00:30:00,2021-01-13,33,36,False
322,1,2022-05-13 00:30:00,2021-01-14,31,34,False
323,1,2022-05-13 00:30:00,2021-01-15,37,37,True
324,1,2022-05-13 00:30:00,2021-01-16,30,27,False
325,1,2022-05-13 00:30:00,2021-01-17,31,37,True
326,1,2022-05-13 00:30:00,2021-01-18,49,41,True
327,1,2022-05-13 00:30:00,2021-01-19,28,34,False
328,1,2022-05-13 00:30:00,2021-01-20,32,33,False
329,1,2022-05-13 00:30:00,2021-01-21,44,40,True
330,1,2022-05-13 00:30:00,2021-01-22,35,35,False
331,1,2022-05-13 00:30:00,2021-01-23,37,33,False
332,1,2022-05-13 00:30:00,2021-01-24,26,26,False
333,1,2022-05-13 00:30:00,2021-01-25,43,54,True
334,1,2022-05-13 00:30:00,2021-01-26,44,34,False
335,1,2022-05-13 00:30:00,2021-01-27,36,28,False
336,1,2022-05-13 00:30:00,2021-01-28,39,43,True
337,1,2022-05-13 00:30:00,2021-01-29,33,27,False
338,1,2022-05-13 00:30:00,2021-01-30,24,32,True
339,1,2022-05-13 00:30:00,2021-01-31,26,35,True
340,1,2022-05-13 00:30:00,2021-02-01,40,29,False
341,1,2022-05-13 00:30:00,2021-02-02,28,28,False
342,1,2022-05-13 00:30:00,2021-02-03,31,30,True
343,1,2022-05-13 00:30:00,2021-02-04,25,26,False
344,1,2022-05-13 00:30:00,2021-02-05,26,19,False
345,1,2022-05-13 00:30:00,2021-02-06,14,21,True
346,1,2022-05-13 00:30:00,2021-02-07,19,21,False
347,1,2022-05-13 00:30:00,2021-02-08,36,32,True
348,1,2022-05-13 00:30:00,2021-02-09,25,19,False
349,1,2022-05-13 00:30:00,2021-02-10,22,28,True
350,1,2022-05-13 00:30:00,2021-02-11,33,32,True
351,1,2022-05-13 00:30:00,2021-02-12,30,33,True
352,1,2022-05-13 00:30:00,2021-02-13,20,22,False
353,1,2022-05-13 00:30:00,2021-02-14,22,26,True
354,1,2022-05-13 00:30:00,2021-02-15,45,35,True
355,1,2022-05-13 00:30:00,2021-02-16,27,39,True
356,1,2022-05-13 00:30:00,2021-02-17,43,36,False
357,1,2022-05-13 00:30:00,2021-02-18,35,26,False
358,1,2022-05-13 00:30:00,2021-02-19,25,31,True
359,1,2022-05-13 00:30:00,2021-02-20,31,40,True
360,1,2022-05-13 00:30:00,2021-02-21,39,36,False
361,1,2022-05-13 00:30:00,2021-02-22,37,32,False
362,1,2022-05-13 00:30:00,2021-02-23,39,26,False
363,1,2022-05-13 00:30:00,2021-02-24,19,29,True
364,1,2022-05-13 00:30:00,2021-02-25,51,47,True
365,1,2022-05-13 00:30:00,2021-02-26,25,29,False
366,1,2022-05-13 00:30:00,2021-02-27,26,20,False
367,1,2022-05-13 00:30:00,2021-02-28,26,42,True
368,1,2022-05-13 00:30:00,2021-03-01,46,50,True
369,1,2022-05-13 00:30:00,2021-03-02,50,39,False
370,1,2022-05-13 00:30:00,2021-03-03,47,34,False
371,1,2022-05-13 00:30:00,2021-03-04,36,42,True
372,1,2022-05-13 00:30:00,2021-03-05,34,36,False
373,1,2022-05-13 00:30:00,2021-03-06,32,38,True
374,1,2022-05-13 00:30:00,2021-03-07,24,33,False
375,1,2022-05-13 00:30:00,2021-03-08,37,42,True
376,1,2022-05-13 00:30:00,2021-03-09,52,35,False
377,1,2022-05-13 00:30:00,2021-03-10,38,43,True
378,1,2022-05-13 00:30:00,2021-03-11,47,42,False
379,1,2022-05-13 00:30:00,2021-03-12,31,31,False
380,1,2022-05-13 00:30:00,2021-03-13,27,34,True
381,1,2022-05-13 00:30:00,2021-03-14,33,41,True
382,1,2022-05-13 00:30:00,2021-03-15,49,45,True
383,1,2022-05-13 00:30:00,2021-03-16,46,45,False
384,1,2022-05-13 00:30:00,2021-03-17,41,38,False
385,1,2022-05-13 00:30:00,2021-03-18,42,54,True
386,1,2022-05-13 00:30:00,2021-03-19,55,48,False
387,1,2022-05-13 00:30:00,2021-03-20,26,37,False
388,1,2022-05-13 00:30:00,2021-03-21,49,53,True
389,1,2022-05-13 00:30:00,2021-03-22,58,40,False
390,1,2022-05-13 00:30:00,2021-03-23,53,42,True
391,1,2022-05-13 00:30:00,2021-03-24,37,38,False
392,1,2022-05-13 00:30:00,2021-03-25,41,59,True
393,1,2022-05-13 00:30:00,2021-03-26,58,60,True
394,1,2022-05-13 00:30:00,2021-03-27,33,40,False
395,1,2022-05-13 00:30:00,2021-03-28,33,35,False
396,1,2022-05-13 00:30:00,2021-03-29,67,48,True
397,1,2022-05-13 00:30:00,2021-03-30,45,51,True
398,1,2022-05-13 00:30:00,2021-03-31,60,60,True
399,1,2022-05-13 00:30:00,2021-04-01,45,46,False
400,1,2022-05-13 00:30:00,2021-04-02,74,69,True
401,1,2022-05-13 00:30:00,2021-04-03,41,47,False
402,1,2022-05-13 00:30:00,2021-04-04,54,55,True
403,1,2022-05-13 00:30:00,2021-04-05,49,53,False
404,1,2022-05-13 00:30:00,2021-04-06,66,55,True
405,1,2022-05-13 00:30:00,2021-04-07,49,63,True
406,1,2022-05-13 00:30:00,2021-04-08,61,47,False
407,1,2022-05-13 00:30:00,2021-04-09,48,55,True
408,1,2022-05-13 00:30:00,2021-04-10,44,51,False
409,1,2022-05-13 00:30:00,2021-04-11,51,58,True
410,1,2022-05-13 00:30:00,2021-04-12,69,49,False
411,1,2022-05-13 00:30:00,2021-04-13,47,44,False
412,1,2022-05-13 00:30:00,2021-04-14,50,54,True
413,1,2022-05-13 00:30:00,2021-04-15,47,64,True
414,1,2022-05-13 00:30:00,2021-04-16,60,52,False
415,1,2022-05-13 00:30:00,2021-04-17,53,54,True
416,1,2022-05-13 00:30:00,2021-04-18,51,54,False
417,1,2022-05-13 00:30:00,2021-04-19,62,64,True
418,1,2022-05-13 00:30:00,2021-04-20,63,52,False
419,1,2022-05-13 00:30:00,2021-04-21,47,51,False
420,1,2022-05-13 00:30:00,2021-04-22,57,45,False
421,1,2022-05-13 00:30:00,2021-04-23,53,64,True
422,1,2022-05-13 00:30:00,2021-04-24,41,51,False
423,1,2022-05-13 00:30:00,2021-04-25,49,43,False
424,1,2022-05-13 00:30:00,2021-04-26,63,60,True
425,1,2022-05-13 00:30:00,2021-04-27,46,52,False
426,1,2022-05-13 00:30:00,2021-04-28,67,49,False
427,1,2022-05-13 00:30:00,2021-04-29,56,66,True
428,1,2022-05-13 00:30:00,2021-04-30,60,51,False
429,1,2022-05-13 00:30:00,2021-05-01,28,38,False
430,1,2022-05-13 00:30:00,2021-05-02,68,67,True
431,1,2022-05-13 00:30:00,2021-05-03,48,52,False
432,1,2022-05-13 00:30:00,2021-05-04,71,51,False
433,1,2022-05-13 00:30:00,2021-05-05,36,43,False
434,1,2022-05-13 00:30:00,2021-05-06,49,45,True
435,1,2022-05-13 00:30:00,2021-05-07,43,46,True
436,1,2022-05-13 00:30:00,2021-05-08,31,38,False
437,1,2022-05-13 00:30:00,2021-05-09,37,36,False
438,1,2022-05-13 00:30:00,2021-05-10,48,36,False
439,1,2022-05-13 00:30:00,2021-05-11,46,41,True
440,1,2022-05-13 00:30:00,2021-05-12,30,38,False
441,1,2022-05-13 00:30:00,2021-05-13,28,27,False
442,1,2022-05-13 00:30:00,2021-05-14,44,33,True
443,1,2022-05-13 00:30:00,2021-05-15,20,34,True
444,1,2022-05-13 00:30:00,2021-05-16,28,25,False
445,1,2022-05-13 00:30:00,2021-05-17,40,37,True
446,1,2022-05-13 00:30:00,2021-05-18,31,33,False
447,1,2022-05-13 00:30:00,2021-05-19,29,23,False
448,1,2022-05-13 00:30:00,2021-05-20,27,23,False
449,1,2022-05-13 00:30:00,2021-05-21,23,23,False
450,1,2022-05-13 00:30:00,2021-05-22,19,26,True
451,1,2022-05-13 00:30:00,2021-05-23,20,21,False
452,1,2022-05-13 00:30:00,2021-05-24,28,30,True
453,1,2022-05-13 00:30:00,2021-05-25,29,17,False
454,1,2022-05-13 00:30:00,2021-05-26,18,13,False
455,1,2022-05-13 00:30:00,2021-05-27,22,18,True
456,1,2022-05-13 00:30:00,2021-05-28,12,16,False
457,1,2022-05-13 00:30:00,2021-05-29,8,10,False
458,1,2022-05-13 00:30:00,2021-05-30,10,12,True
459,1,2022-05-13 00:30:00,2021-05-31,13,9,False
460,1,2022-05-13 00:30:00,2021-06-01,11,7,False
461,1,2022-05-13 00:30:00,2021-06-02,10,13,True
462,1,2022-05-13 00:30:00,2021-06-03,7,6,False
463,1,2022-05-13 00:30:00,2021-06-04,6,5,False
464,1,2022-05-13 00:30:00,2021-06-05,5,7,True
465,1,2022-05-13 00:30:00,2021-06-06,5,5,False
466,1,2022-05-13 00:30:00,2021-06-07,10,5,False
467,1,2022-05-13 00:30:00,2021-06-08,6,8,True
468,1,2022-05-13 00:30:00,2021-06-09,9,9,True
469,1,2022-05-13 00:30:00,2021-06-10,7,4,False
470,1,2022-05-13 00:30:00,2021-06-11,4,6,True
471,1,2022-05-13 00:30:00,2021-06-12,3,7,True
472,1,2022-05-13 00:30:00,2021-06-13,5,2,False
473,1,2022-05-13 00:30:00,2021-06-14,11,7,True
474,1,2022-05-13 00:30:00,2021-06-15,5,4,False
475,1,2022-05-13 00:30:00,2021-06-16,6,6,True
476,1,2022-05-13 00:30:00,2021-06-17,4,5,False
477,1,2022-05-13 00:30:00,2021-06-18,3,3,False
478,1,2022-05-13 00:30:00,2021-06-19,3,5,True
479,1,2022-05-13 00:30:00,2021-06-20,3,3,False
480,1,2022-05-13 00:30:00,2021-06-21,10,5,True
481,1,2022-05-13 00:30:00,2021-06-22,1,4,False
482,1,2022-05-13 00:30:00,2021-06-23,6,2,False
483,1,2022-05-13 00:30:00,2021-06-24,1,1,False
484,1,2022-05-13 00:30:00,2021-06-25,3,3,True
485,1,2022-05-13 00:30:00,2021-06-26,0,0,False
486,1,2022-05-13 00:30:00,2021-06-27,0,3,True
487,1,2022-05-13 00:30:00,2021-06-28,5,2,False
488,1,2022-05-13 00:30:00,2021-06-29,0,0,False
489,1,2022-05-13 00:30:00,2021-06-30,1,1,True
490,1,2022-05-13 00:30:00,2021-07-01,0,0,False
491,1,2022-05-13 00:30:00,2021-07-02,0,4,True
492,1,2022-05-13 00:30:00,2021-07-03,2,1,False
493,1,2022-05-13 00:30:00,2021-07-04,0,1,False
494,1,2022-05-13 00:30:00,2021-07-05,3,1,False
495,1,2022-05-13 00:30:00,2021-07-06,3,1,False
496,1,2022-05-13 00:30:00,2021-07-07,1,0,False
497,1,2022-05-13 00:30:00,2021-07-08,0,0,False
498,1,2022-05-13 00:30:00,2021-07-09,0,3,True
499,1,2022-05-13 00:30:00,2021-07-10,2,2,False
500,1,2022-05-13 00:30:00,2021-07-11,4,5,True
501,1,2022-05-13 00:30:00,2021-07-12,5,3,False
502,1,2022-05-13 00:30:00,2021-07-13,5,5,True
503,1,2022-05-13 00:30:00,2021-07-14,2,2,False
504,1,2022-05-13 00:30:00,2021-07-15,3,5,True
505,1,2022-05-13 00:30:00,2021-07-16,6,9,True
506,1,2022-05-13 00:30:00,2021-07-17,4,4,False
507,1,2022-05-13 00:30:00,2021-07-18,2,6,True
508,1,2022-05-13 00:30:00,2021-07-19,23,23,True
509,1,2022-05-13 00:30:00,2021-07-20,14,11,False
510,1,2022-05-13 00:30:00,2021-07-21,12,15,True
511,1,2022-05-13 00:30:00,2021-07-22,14,11,False
512,1,2022-05-13 00:30:00,2021-07-23,11,15,True
513,1,2022-05-13 00:30:00,2021-07-24,17,24,True
514,1,2022-05-13 00:30:00,2021-07-25,10,16,False
515,1,2022-05-13 00:30:00,2021-07-26,34,19,True
516,1,2022-05-13 00:30:00,2021-07-27,18,22,True
517,1,2022-05-13 00:30:00,2021-07-28,20,24,True
518,1,2022-05-13 00:30:00,2021-07-29,18,14,False
519,1,2022-05-13 00:30:00,2021-07-30,20,16,True
520,1,2022-05-13 00:30:00,2021-07-31,9,17,True
521,1,2022-05-13 00:30:00,2021-08-01,13,19,True
522,1,2022-05-13 00:30:00,2021-08-02,30,18,False
523,1,2022-05-13 00:30:00,2021-08-03,14,13,False
524,1,2022-05-13 00:30:00,2021-08-04,16,20,True
525,1,2022-05-13 00:30:00,2021-08-05,17,22,True
526,1,2022-05-13 00:30:00,2021-08-06,19,13,False
527,1,2022-05-13 00:30:00,2021-08-07,12,19,True
528,1,2022-05-13 00:30:00,2021-08-08,10,16,False
529,1,2022-05-13 00:30:00,2021-08-09,26,13,False
530,1,2022-05-13 00:30:00,2021-08-10,10,14,True
531,1,2022-05-13 00:30:00,2021-08-11,18,17,True
532,1,2022-05-13 00:30:00,2021-08-12,22,10,False
533,1,2022-05-13 00:30:00,2021-08-13,10,14,True
534,1,2022-05-13 00:30:00,2021-08-14,9,12,False
535,1,2022-05-13 00:30:00,2021-08-15,7,12,False
536,1,2022-05-13 00:30:00,2021-08-16,13,11,False
537,1,2022-05-13 00:30:00,2021-08-17,11,13,True
538,1,2022-05-13 00:30:00,2021-08-18,12,19,True
539,1,2022-05-13 00:30:00,2021-08-19,14,14,False
540,1,2022-05-13 00:30:00,2021-08-20,22,15,True
541,1,2022-05-13 00:30:00,2021-08-21,7,13,False
542,1,2022-05-13 00:30:00,2021-08-22,6,11,False
543,1,2022-05-13 00:30:00,2021-08-23,22,18,True
544,1,2022-05-13 00:30:00,2021-08-24,22,13,False
545,1,2022-05-13 00:30:00,2021-08-25,13,14,True
546,1,2022-05-13 00:30:00,2021-08-26,13,16,True
547,1,2022-05-13 00:30:00,2021-08-27,19,13,False
548,1,2022-05-13 00:30:00,2021-08-28,9,13,False
549,1,2022-05-13 00:30:00,2021-08-29,10,8,False
550,1,2022-05-13 00:30:00,2021-08-30,17,11,True
551,1,2022-05-13 00:30:00,2021-08-31,8,9,False
552,1,2022-05-13 00:30:00,2021-09-01,13,13,True
553,1,2022-05-13 00:30:00,2021-09-02,15,18,True
554,1,2022-05-13 00:30:00,2021-09-03,19,16,False
555,1,2022-05-13 00:30:00,2021-09-04,11,11,False
556,1,2022-05-13 00:30:00,2021-09-05,8,13,True
557,1,2022-05-13 00:30:00,2021-09-06,13,14,True
558,1,2022-05-13 00:30:00,2021-09-07,18,15,True
559,1,2022-05-13 00:30:00,2021-09-08,15,12,False
560,1,2022-05-13 00:30:00,2021-09-09,13,14,True
561,1,2022-05-13 00:30:00,2021-09-10,12,15,True
562,1,2022-05-13 00:30:00,2021-09-11,7,6,False
563,1,2022-05-13 00:30:00,2021-09-12,3,4,False
564,1,2022-05-13 00:30:00,2021-09-13,12,4,False
565,1,2022-05-13 00:30:00,2021-09-14,20,15,True
566,1,2022-05-13 00:30:00,2021-09-15,11,16,True
567,1,2022-05-13 00:30:00,2021-09-16,7,6,False
568,1,2022-05-13 00:30:00,2021-09-17,9,8,True
569,1,2022-05-13 00:30:00,2021-09-18,4,7,False
570,1,2022-05-13 00:30:00,2021-09-19,3,11,True
571,1,2022-05-13 00:30:00,2021-09-20,22,7,False
572,1,2022-05-13 00:30:00,2021-09-21,6,13,True
573,1,2022-05-13 00:30:00,2021-09-22,10,6,False
574,1,2022-05-13 00:30:00,2021-09-23,8,11,True
575,1,2022-05-13 00:30:00,2021-09-24,6,7,False
576,1,2022-05-13 00:30:00,2021-09-25,6,8,True
577,1,2022-05-13 00:30:00,2021-09-26,6,6,False
578,1,2022-05-13 00:30:00,2021-09-27,10,3,False
579,1,2022-05-13 00:30:00,2021-09-28,4,5,True
580,1,2022-05-13 00:30:00,2021-09-29,8,7,True
581,1,2022-05-13 00:30:00,2021-09-30,6,5,False
582,1,2022-05-13 00:30:00,2021-10-01,7,8,True
583,1,2022-05-13 00:30:00,2021-10-02,1,8,False
584,1,2022-05-13 00:30:00,2021-10-03,6,8,False
585,1,2022-05-13 00:30:00,2021-10-04,15,13,True
586,1,2022-05-13 00:30:00,2021-10-05,13,6,False
587,1,2022-05-13 00:30:00,2021-10-06,11,13,True
588,1,2022-05-13 00:30:00,2021-10-07,6,6,False
589,1,2022-05-13 00:30:00,2021-10-08,10,11,True
590,1,2022-05-13 00:30:00,2021-10-09,6,12,True
591,1,2022-05-13 00:30:00,2021-10-10,7,10,False
592,1,2022-05-13 00:30:00,2021-10-11,22,12,True
593,1,2022-05-13 00:30:00,2021-10-12,7,7,False
594,1,2022-05-13 00:30:00,2021-10-13,9,12,True
595,1,2022-05-13 00:30:00,2021-10-14,9,10,False
596,1,2022-05-13 00:30:00,2021-10-15,12,11,True
597,1,2022-05-13 00:30:00,2021-10-16,8,10,False
598,1,2022-05-13 00:30:00,2021-10-17,6,18,True
599,1,2022-05-13 00:30:00,2021-10-18,23,14,False
600,1,2022-05-13 00:30:00,2021-10-19,19,18,True
601,1,2022-05-13 00:30:00,2021-10-20,19,20,True
602,1,2022-05-13 00:30:00,2021-10-21,9,13,False
603,1,2022-05-13 00:30:00,2021-10-22,26,25,True
604,1,2022-05-13 00:30:00,2021-10-23,7,7,False
605,1,2022-05-13 00:30:00,2021-10-24,12,19,True
606,1,2022-05-13 00:30:00,2021-10-25,20,15,False
607,1,2022-05-13 00:30:00,2021-10-26,19,22,True
608,1,2022-05-13 00:30:00,2021-10-27,26,21,False
609,1,2022-05-13 00:30:00,2021-10-28,28,22,True
610,1,2022-05-13 00:30:00,2021-10-29,21,28,True
611,1,2022-05-13 00:30:00,2021-10-30,7,12,False
612,1,2022-05-13 00:30:00,2021-10-31,19,24,True
613,1,2022-05-13 00:30:00,2021-11-01,30,23,False
614,1,2022-05-13 00:30:00,2021-11-02,32,34,True
615,1,2022-05-13 00:30:00,2021-11-03,29,30,False
616,1,2022-05-13 00:30:00,2021-11-04,30,26,False
617,1,2022-05-13 00:30:00,2021-11-05,29,27,True
618,1,2022-05-13 00:30:00,2021-11-06,14,34,True
619,1,2022-05-13 00:30:00,2021-11-07,29,35,True
620,1,2022-05-13 00:30:00,2021-11-08,43,19,False
621,1,2022-05-13 00:30:00,2021-11-09,28,34,True
622,1,2022-05-13 00:30:00,2021-11-10,33,36,True
623,1,2022-05-13 00:30:00,2021-11-11,37,34,False
624,1,2022-05-13 00:30:00,2021-11-12,31,43,True
625,1,2022-05-13 00:30:00,2021-11-13,24,26,False
626,1,2022-05-13 00:30:00,2021-11-14,25,34,True
627,1,2022-05-13 00:30:00,2021-11-15,51,37,True
628,1,2022-05-13 00:30:00,2021-11-16,55,51,True
629,1,2022-05-13 00:30:00,2021-11-17,43,37,False
630,1,2022-05-13 00:30:00,2021-11-18,40,50,True
631,1,2022-05-13 00:30:00,2021-11-19,44,38,False
632,1,2022-05-13 00:30:00,2021-11-20,29,41,True
633,1,2022-05-13 00:30:00,2021-11-21,44,47,True
634,1,2022-05-13 00:30:00,2021-11-22,66,57,True
635,1,2022-05-13 00:30:00,2021-11-23,49,46,False
636,1,2022-05-13 00:30:00,2021-11-24,47,49,True
637,1,2022-05-13 00:30:00,2021-11-25,59,55,True
638,1,2022-05-13 00:30:00,2021-11-26,50,53,False
639,1,2022-05-13 00:30:00,2021-11-27,36,59,True
640,1,2022-05-13 00:30:00,2021-11-28,39,52,False
641,1,2022-05-13 00:30:00,2021-11-29,86,55,True
642,1,2022-05-13 00:30:00,2021-11-30,55,53,False
643,1,2022-05-13 00:30:00,2021-12-01,63,65,True
644,1,2022-05-13 00:30:00,2021-12-02,57,45,False
645,1,2022-05-13 00:30:00,2021-12-03,37,41,False
646,1,2022-05-13 00:30:00,2021-12-04,38,41,False
647,1,2022-05-13 00:30:00,2021-12-05,34,50,True
648,1,2022-05-13 00:30:00,2021-12-06,70,49,False
649,1,2022-05-13 00:30:00,2021-12-07,50,54,True
650,1,2022-05-13 00:30:00,2021-12-08,51,59,True
651,1,2022-05-13 00:30:00,2021-12-09,59,54,False
652,1,2022-05-13 00:30:00,2021-12-10,53,47,False
653,1,2022-05-13 00:30:00,2021-12-11,20,23,False
654,1,2022-05-13 00:30:00,2021-12-12,36,46,True
655,1,2022-05-13 00:30:00,2021-12-13,61,48,True
656,1,2022-05-13 00:30:00,2021-12-14,38,32,False
657,1,2022-05-13 00:30:00,2021-12-15,29,39,True
658,1,2022-05-13 00:30:00,2021-12-16,34,39,False
659,1,2022-05-13 00:30:00,2021-12-17,46,46,True
660,1,2022-05-13 00:30:00,2021-12-18,28,26,False
661,1,2022-05-13 00:30:00,2021-12-19,29,31,True
662,1,2022-05-13 00:30:00,2021-12-20,46,38,True
663,1,2022-05-13 00:30:00,2021-12-21,28,32,False
664,1,2022-05-13 00:30:00,2021-12-22,23,18,False
665,1,2022-05-13 00:30:00,2021-12-23,36,24,True
666,1,2022-05-13 00:30:00,2021-12-24,14,26,True
667,1,2022-05-13 00:30:00,2021-12-25,23,28,True
668,1,2022-05-13 00:30:00,2021-12-26,26,30,True
669,1,2022-05-13 00:30:00,2021-12-27,48,38,True
670,1,2022-05-13 00:30:00,2021-12-28,31,27,False
671,1,2022-05-13 00:30:00,2021-12-29,23,19,False
672,1,2022-05-13 00:30:00,2021-12-30,22,24,True
673,1,2022-05-13 00:30:00,2021-12-31,22,16,False
674,1,2022-05-13 00:30:00,2022-01-01,12,21,True
675,1,2022-05-13 00:30:00,2022-01-02,26,24,True
676,1,2022-05-13 00:30:00,2022-01-03,38,32,True
677,1,2022-05-13 00:30:00,2022-01-04,19,14,False
678,1,2022-05-13 00:30:00,2022-01-05,17,15,True
679,1,2022-05-13 00:30:00,2022-01-06,21,21,True
680,1,2022-05-13 00:30:00,2022-01-07,14,15,False
681,1,2022-05-13 00:30:00,2022-01-08,16,20,True
682,1,2022-05-13 00:30:00,2022-01-09,22,28,True
683,1,2022-05-13 00:30:00,2022-01-10,30,22,False
684,1,2022-05-13 00:30:00,2022-01-11,22,13,False
685,1,2022-05-13 00:30:00,2022-01-12,10,11,False
686,1,2022-05-13 00:30:00,2022-01-13,10,13,True
687,1,2022-05-13 00:30:00,2022-01-14,17,13,False
688,1,2022-05-13 00:30:00,2022-01-15,7,13,False
689,1,2022-05-13 00:30:00,2022-01-16,12,11,False
690,1,2022-05-13 00:30:00,2022-01-17,10,9,False
691,1,2022-05-13 00:30:00,2022-01-18,10,7,False
692,1,2022-05-13 00:30:00,2022-01-19,16,16,True
693,1,2022-05-13 00:30:00,2022-01-20,13,12,False
694,1,2022-05-13 00:30:00,2022-01-21,10,9,False
695,1,2022-05-13 00:30:00,2022-01-22,4,5,False
696,1,2022-05-13 00:30:00,2022-01-23,7,9,True
697,1,2022-05-13 00:30:00,2022-01-24,16,11,True
698,1,2022-05-13 00:30:00,2022-01-25,11,14,True
699,1,2022-05-13 00:30:00,2022-01-26,13,9,False
700,1,2022-05-13 00:30:00,2022-01-27,13,21,True
701,1,2022-05-13 00:30:00,2022-01-28,17,9,False
702,1,2022-05-13 00:30:00,2022-01-29,5,10,True
703,1,2022-05-13 00:30:00,2022-01-30,7,9,False
704,1,2022-05-13 00:30:00,2022-01-31,12,20,True
705,1,2022-05-13 00:30:00,2022-02-01,18,15,False
706,1,2022-05-13 00:30:00,2022-02-02,20,16,True
707,1,2022-05-13 00:30:00,2022-02-03,21,21,True
708,1,2022-05-13 00:30:00,2022-02-04,15,14,False
709,1,2022-05-13 00:30:00,2022-02-05,5,11,False
710,1,2022-05-13 00:30:00,2022-02-06,19,29,True
711,1,2022-05-13 00:30:00,2022-02-07,31,18,False
712,1,2022-05-13 00:30:00,2022-02-08,18,19,True
713,1,2022-05-13 00:30:00,2022-02-09,8,9,False
714,1,2022-05-13 00:30:00,2022-02-10,11,13,True
715,1,2022-05-13 00:30:00,2022-02-11,9,13,False
716,1,2022-05-13 00:30:00,2022-02-12,8,13,False
717,1,2022-05-13 00:30:00,2022-02-13,6,12,False
718,1,2022-05-13 00:30:00,2022-02-14,23,12,False
719,1,2022-05-13 00:30:00,2022-02-15,24,16,True
720,1,2022-05-13 00:30:00,2022-02-16,16,15,False
721,1,2022-05-13 00:30:00,2022-02-17,16,17,True
722,1,2022-05-13 00:30:00,2022-02-18,16,15,False
723,1,2022-05-13 00:30:00,2022-02-19,14,17,True
724,1,2022-05-13 00:30:00,2022-02-20,7,13,False
725,1,2022-05-13 00:30:00,2022-02-21,26,18,True
726,1,2022-05-13 00:30:00,2022-02-22,18,13,False
727,1,2022-05-13 00:30:00,2022-02-23,11,11,False
728,1,2022-05-13 00:30:00,2022-02-24,16,16,True
729,1,2022-05-13 00:30:00,2022-02-25,16,14,False
730,1,2022-05-13 00:30:00,2022-02-26,8,15,True
731,1,2022-05-13 00:30:00,2022-02-27,6,9,False
732,1,2022-05-13 00:30:00,2022-02-28,15,10,True
733,1,2022-05-13 00:30:00,2022-03-01,13,18,True
734,1,2022-05-13 00:30:00,2022-03-02,15,12,False
735,1,2022-05-13 00:30:00,2022-03-03,18,11,False
736,1,2022-05-13 00:30:00,2022-03-04,12,13,True
737,1,2022-05-13 00:30:00,2022-03-05,7,12,False
738,1,2022-05-13 00:30:00,2022-03-06,6,11,False
739,1,2022-05-13 00:30:00,2022-03-07,25,16,True
740,1,2022-05-13 00:30:00,2022-03-08,14,17,True
741,1,2022-05-13 00:30:00,2022-03-09,13,17,False
742,1,2022-05-13 00:30:00,2022-03-10,11,13,False
743,1,2022-05-13 00:30:00,2022-03-11,21,21,True
744,1,2022-05-13 00:30:00,2022-03-12,8,10,False
745,1,2022-05-13 00:30:00,2022-03-13,6,10,False
746,1,2022-05-13 00:30:00,2022-03-14,26,24,True
747,1,2022-05-13 00:30:00,2022-03-15,26,24,False
748,1,2022-05-13 00:30:00,2022-03-16,19,15,False
749,1,2022-05-13 00:30:00,2022-03-17,13,18,True
750,1,2022-05-13 00:30:00,2022-03-18,15,18,False
751,1,2022-05-13 00:30:00,2022-03-19,9,14,False
752,1,2022-05-13 00:30:00,2022-03-20,11,16,True
753,1,2022-05-13 00:30:00,2022-03-21,23,23,True
754,1,2022-05-13 00:30:00,2022-03-22,35,19,False
755,1,2022-05-13 00:30:00,2022-03-23,19,21,True
756,1,2022-05-13 00:30:00,2022-03-24,26,21,False
757,1,2022-05-13 00:30:00,2022-03-25,17,11,False
758,1,2022-05-13 00:30:00,2022-03-26,7,16,True
759,1,2022-05-13 00:30:00,2022-03-27,12,13,False
760,1,2022-05-13 00:30:00,2022-03-28,23,16,True
761,1,2022-05-13 00:30:00,2022-03-29,12,18,True
762,1,2022-05-13 00:30:00,2022-03-30,17,14,False
763,1,2022-05-13 00:30:00,2022-03-31,21,14,False
764,1,2022-05-13 00:30:00,2022-04-01,13,12,False
765,1,2022-05-13 00:30:00,2022-04-02,4,6,False
766,1,2022-05-13 00:30:00,2022-04-03,2,6,False
767,1,2022-05-13 00:30:00,2022-04-04,13,8,True
768,1,2022-05-13 00:30:00,2022-04-05,13,13,True
769,1,2022-05-13 00:30:00,2022-04-06,13,14,True
770,1,2022-05-13 00:30:00,2022-04-07,12,16,True
771,1,2022-05-13 00:30:00,2022-04-08,12,7,False
772,1,2022-05-13 00:30:00,2022-04-09,8,8,True
773,1,2022-05-13 00:30:00,2022-04-10,6,9,True
774,1,2022-05-13 00:30:00,2022-04-11,14,7,False
775,1,2022-05-13 00:30:00,2022-04-12,9,16,True
776,1,2022-05-13 00:30:00,2022-04-13,14,10,False
777,1,2022-05-13 00:30:00,2022-04-14,13,11,True
778,1,2022-05-13 00:30:00,2022-04-15,6,7,False
779,1,2022-05-13 00:30:00,2022-04-16,7,3,False
780,1,2022-05-13 00:30:00,2022-04-17,1,8,True
781,1,2022-05-13 00:30:00,2022-04-18,4,7,False
782,1,2022-05-13 00:30:00,2022-04-19,19,13,True
783,1,2022-05-13 00:30:00,2022-04-20,5,5,False
784,1,2022-05-13 00:30:00,2022-04-21,12,9,True
785,1,2022-05-13 00:30:00,2022-04-22,3,7,False
786,1,2022-05-13 00:30:00,2022-04-23,6,4,False
787,1,2022-05-13 00:30:00,2022-04-24,2,7,True
788,1,2022-05-13 00:30:00,2022-04-25,5,5,False
789,1,2022-05-13 00:30:00,2022-04-26,11,2,False
790,1,2022-05-13 00:30:00,2022-04-27,3,9,True
791,1,2022-05-13 00:30:00,2022-04-28,7,3,False
792,1,2022-05-13 00:30:00,2022-04-29,3,2,False
793,1,2022-05-13 00:30:00,2022-04-30,4,6,True
794,1,2022-05-13 00:30:00,2022-05-01,5,6,False
795,1,2022-05-13 00:30:00,2022-05-02,7,3,False
796,1,2022-05-13 00:30:00,2022-05-03,3,3,False
797,1,2022-05-13 00:30:00,2022-05-04,4,7,True
798,1,2022-05-13 00:30:00,2022-05-05,3,1,False
799,1,2022-05-13 00:30:00,2022-05-06,3,3,True
800,1,2022-05-13 00:30:00,2022-05-07,0,3,False
801,1,2022-05-13 00:30:00,2022-05-08,1,3,False
802,1,2022-05-13 00:30:00,2022-05-09,8,3,False
803,1,2022-05-13 00:30:00,2022-05-10,14,6,True
804,1,2022-05-13 00:30:00,2022-05-11,2,1,False
805,1,2022-05-13 00:30:00,2022-05-12,2,0,False
